,Model,Acc,F1_micro,F1_macro,Precision_micro,Precision_macro,Recall_micro,Recall_macro
0,SVM,0.9629629629629629,0.9629629629629629,0.9637085137085138,0.9629629629629629,0.9682539682539683,0.9629629629629629,0.9618736383442266
1,Random Forest,0.9629629629629629,0.9629629629629629,0.9634085213032582,0.9629629629629629,0.9639376218323585,0.9629629629629629,0.9639376218323586
2,SVM+GridSearch,0.9814814814814815,0.9814814814814815,0.9813519813519814,0.9814814814814815,0.9833333333333334,0.9814814814814815,0.9803921568627452
3,RandomForest+GridSearch,0.9629629629629629,0.9629629629629629,0.9634085213032582,0.9629629629629629,0.9639376218323585,0.9629629629629629,0.9639376218323586
4,SVM+pca,1.0,1.0,1.0,1.0,1.0,1.0,1.0
5,RandomForest+pca,1.0,1.0,1.0,1.0,1.0,1.0,1.0
6,SVM+pca+GridSearch,0.9814814814814815,0.9814814814814815,0.9813519813519814,0.9814814814814815,0.9833333333333334,0.9814814814814815,0.9803921568627452
7,RF+pca+GridSearch,1.0,1.0,1.0,1.0,1.0,1.0,1.0
